contentId,completitionYear,paleta_rgb,paleta_dominancia
189028,1467,"(79, 56, 51)",12.907077881697171
189028,1467,"(202, 168, 143)",7.310305787463148
189028,1467,"(131, 115, 104)",8.495668647952911
189028,1467,"(101, 75, 66)",15.16324435106161
189028,1467,"(198, 135, 110)",7.84043931252053
189028,1467,"(52, 37, 37)",13.312632094357982
189028,1467,"(163, 110, 91)",10.900793134295672
189028,1467,"(229, 198, 174)",2.3351906600637564
189028,1467,"(159, 141, 126)",5.6728005966584645
189028,1467,"(124, 92, 80)",16.061847533928752
189051,1467,"(64, 62, 68)",30.902229119638825
189051,1467,"(227, 200, 151)",7.9197234762979685
189051,1467,"(119, 99, 89)",11.604825056433409
189051,1467,"(250, 245, 207)",4.317155756207676
189051,1467,"(175, 151, 120)",6.323363431151241
189051,1467,"(242, 225, 176)",6.216845372460496
189051,1467,"(196, 141, 100)",4.116111738148985
189051,1467,"(211, 176, 130)",8.087612866817155
189051,1467,"(148, 123, 101)",8.97926072234763
189051,1467,"(84, 76, 78)",11.532872460496614
189162,1468,"(178, 179, 175)",7.394388728913602
189162,1468,"(93, 73, 68)",8.377629938547425
189162,1468,"(162, 117, 99)",11.39443286002714
189162,1468,"(185, 141, 116)",13.685830602720683
189162,1468,"(214, 188, 163)",12.455455157272256
189162,1468,"(197, 165, 138)",13.2737563300566
189162,1468,"(226, 209, 189)",10.059577003276734
189162,1468,"(117, 99, 96)",9.69726056112711
189162,1468,"(61, 44, 40)",7.18399364511965
189162,1468,"(133, 134, 139)",6.477675172938802
189080,1469,"(10, 8, 12)",25.203871703351176
189080,1469,"(217, 210, 213)",9.555943882609558
189080,1469,"(125, 26, 15)",17.785792187190165
189080,1469,"(89, 91, 117)",8.8352667063256
189080,1469,"(148, 144, 158)",3.9634146341463414
189080,1469,"(121, 80, 37)",5.199038270870513
189080,1469,"(202, 161, 94)",2.776125322228832
189080,1469,"(40, 25, 24)",7.457118778504858
189080,1469,"(160, 115, 57)",3.3047045409478484
189080,1469,"(96, 22, 15)",15.918723973825106
189157,1469,"(230, 197, 163)",4.997840819959636
189157,1469,"(123, 26, 19)",7.519014003824834
189157,1469,"(179, 117, 80)",8.567978919352422
189157,1469,"(50, 30, 23)",18.822541839621394
189157,1469,"(114, 85, 71)",5.886776711407228
189157,1469,"(11, 8, 5)",20.935233411768852
189157,1469,"(144, 129, 114)",5.307910824395503
189157,1469,"(94, 55, 38)",11.454450114128088
189157,1469,"(204, 160, 121)",7.936161712303214
189157,1469,"(153, 76, 49)",8.572091643238828
189043,1470,"(10, 3, 7)",34.97368259049495
189043,1470,"(132, 93, 57)",8.04373922679143
189043,1470,"(223, 129, 72)",5.78213494213248
189043,1470,"(140, 24, 36)",5.160366904703275
189043,1470,"(155, 131, 104)",2.5948042354099976
189043,1470,"(229, 213, 170)",1.7421817286382664
189043,1470,"(51, 20, 20)",22.54755602068456
189043,1470,"(242, 186, 96)",3.5282258064516134
189043,1470,"(206, 57, 61)",4.325443240581138
189043,1470,"(84, 51, 39)",11.301865304112289
189053,1470,"(180, 28, 19)",4.907407407407407
189053,1470,"(77, 102, 89)",9.748148148148148
189053,1470,"(202, 210, 197)",7.677777777777778
189053,1470,"(87, 38, 18)",16.31851851851852
189053,1470,"(137, 150, 129)",5.792592592592593
189053,1470,"(27, 21, 15)",20.662962962962965
189053,1470,"(125, 78, 41)",13.081481481481482
189053,1470,"(200, 176, 133)",6.088888888888889
189053,1470,"(174, 121, 70)",7.392592592592592
189053,1470,"(50, 65, 54)",8.329629629629629
189056,1470,"(125, 101, 92)",8.395727058307278
189056,1470,"(64, 52, 52)",13.37762602161154
189056,1470,"(226, 216, 204)",2.924277329822829
189056,1470,"(18, 13, 14)",15.353655860896275
189056,1470,"(153, 134, 125)",5.624348636937085
189056,1470,"(90, 74, 71)",11.420794251549559
189056,1470,"(136, 49, 45)",8.230486533925731
189056,1470,"(188, 174, 163)",4.364818166858647
189056,1470,"(44, 29, 30)",19.407191048214578
189056,1470,"(89, 34, 32)",10.901075091876473
189061,1470,"(245, 227, 176)",5.203071182548794
189061,1470,"(64, 53, 49)",8.958811710677383
189061,1470,"(154, 135, 110)",11.135189437428243
189061,1470,"(35, 33, 35)",25.565442020665902
189061,1470,"(189, 163, 126)",10.192307692307692
189061,1470,"(220, 194, 149)",7.421785304247991
189061,1470,"(99, 80, 68)",13.029563719862228
189061,1470,"(185, 103, 80)",2.4842135476463834
189061,1470,"(125, 106, 88)",11.00243972445465
189061,1470,"(252, 252, 251)",5.007175660160735
189064,1470,"(205, 179, 140)",3.610655737704918
189064,1470,"(15, 19, 23)",13.943989071038251
189064,1470,"(109, 85, 58)",7.262978142076502
189064,1470,"(87, 62, 41)",8.687841530054644
189064,1470,"(2, 1, 1)",28.577868852459016
189064,1470,"(155, 131, 97)",7.139344262295082
189064,1470,"(60, 42, 29)",10.343579234972678
189064,1470,"(132, 108, 76)",6.98292349726776
189064,1470,"(43, 25, 12)",7.595628415300546
189064,1470,"(180, 154, 116)",5.855191256830601
189122,1470,"(32, 51, 48)",14.687748834034808
189122,1470,"(219, 202, 159)",3.4649072915481742
189122,1470,"(248, 251, 247)",9.159367534978955
189122,1470,"(119, 101, 72)",14.476168809009213
189122,1470,"(38, 71, 74)",11.812080536912752
189122,1470,"(83, 76, 54)",12.289841883744739
189122,1470,"(205, 120, 70)",4.217950176316688
189122,1470,"(149, 129, 95)",12.451370720054602
189122,1470,"(181, 162, 124)",9.734956205209874
189122,1470,"(17, 26, 18)",7.705608008190194
189140,1470,"(54, 32, 38)",18.39665737513166
189140,1470,"(222, 170, 96)",4.860088686634738
189140,1470,"(75, 67, 77)",8.08290803708079
189140,1470,"(18, 9, 15)",31.414068819431918
189140,1470,"(224, 67, 47)",5.857667844111708
189140,1470,"(197, 120, 65)",7.284641034444632
189140,1470,"(167, 33, 35)",6.9984753347571305
189140,1470,"(221, 199, 156)",2.4767081197153185
189140,1470,"(119, 111, 112)",5.4634807758334745
189140,1470,"(121, 74, 47)",9.16530397285863
189142,1470,"(187, 190, 191)",4.850916923621664
189142,1470,"(100, 76, 74)",13.105442528142106
189142,1470,"(195, 138, 100)",8.419763650580546
189142,1470,"(143, 115, 98)",9.260707277850726
189142,1470,"(140, 157, 174)",9.76453578436435
189142,1470,"(244, 218, 159)",6.447972145586521
189142,1470,"(58, 53, 58)",28.268246263702217
189142,1470,"(223, 178, 126)",6.91639249937298
189142,1470,"(243, 239, 205)",6.492970006343961
189142,1470,"(163, 84, 69)",6.473052920434929
189055,1470,"(141, 153, 147)",7.980418943533698
189055,1470,"(77, 55, 34)",17.333788706739526
189055,1470,"(149, 108, 68)",9.637978142076504
189055,1470,"(42, 33, 20)",16.52322404371585
189055,1470,"(98, 117, 117)",7.1744080145719495
189055,1470,"(125, 74, 40)",10.161657559198543
189055,1470,"(61, 81, 87)",5.1502732240437155
189055,1470,"(98, 86, 65)",11.668943533697632
189055,1470,"(178, 182, 164)",7.2632058287796
189055,1470,"(171, 144, 105)",7.106102003642987
189117,1470,"(117, 114, 98)",6.913043478260869
189117,1470,"(61, 64, 62)",9.323369565217392
189117,1470,"(160, 152, 125)",5.896739130434782
189117,1470,"(40, 31, 22)",16.527173913043477
189117,1470,"(151, 48, 38)",6.241847826086957
189117,1470,"(196, 199, 173)",2.793478260869565
189117,1470,"(53, 45, 37)",22.831521739130434
189117,1470,"(106, 84, 62)",11.240489130434783
189117,1470,"(87, 56, 39)",14.467391304347826
189117,1470,"(163, 110, 75)",3.764945652173913
189098,1473,"(146, 146, 138)",9.94804974630354
189098,1473,"(51, 19, 17)",12.377087395100448
189098,1473,"(171, 131, 77)",8.277376814928735
189098,1473,"(153, 174, 176)",13.059312900374188
189098,1473,"(147, 92, 52)",9.294130469005438
189098,1473,"(83, 37, 24)",11.52668959420676
189098,1473,"(13, 4, 8)",12.56191041305901
189098,1473,"(121, 117, 115)",7.904854745153127
189098,1473,"(181, 211, 200)",5.025944852807615
189098,1473,"(116, 61, 36)",10.024643069061142
189128,1473,"(210, 181, 178)",3.8101513922681804
189128,1473,"(113, 81, 69)",16.630395602415067
189128,1473,"(236, 240, 249)",9.064949986482834
189128,1473,"(61, 39, 29)",11.812539425069838
189128,1473,"(161, 133, 126)",7.751757231684239
189128,1473,"(206, 212, 241)",8.182729566549519
189128,1473,"(29, 13, 8)",9.621519329548526
189128,1473,"(88, 61, 49)",15.245674506623411
189128,1473,"(169, 163, 182)",5.094507524556186
189128,1473,"(138, 101, 89)",12.785775434802199
189083,1474,"(156, 170, 160)",12.695164075993093
189083,1474,"(32, 38, 21)",16.89270293609672
189083,1474,"(155, 25, 9)",3.407167530224525
189083,1474,"(181, 192, 180)",13.727979274611398
189083,1474,"(199, 167, 101)",2.8920552677029363
189083,1474,"(134, 84, 31)",7.067789291882557
189083,1474,"(10, 11, 5)",27.197970639032814
189083,1474,"(177, 129, 54)",4.5807426597582035
189083,1474,"(82, 62, 27)",7.56692573402418
189083,1474,"(130, 138, 121)",3.971502590673575
189087,1474,"(195, 123, 102)",16.4797285453134
189087,1474,"(73, 47, 42)",14.255377757744222
189087,1474,"(216, 169, 139)",6.264493025818245
189087,1474,"(122, 85, 73)",5.967119925875842
189087,1474,"(45, 34, 33)",16.30881726892545
189087,1474,"(95, 63, 55)",11.626474344527082
189087,1474,"(194, 142, 117)",9.772243507875691
189087,1474,"(190, 172, 155)",4.5362231738161425
189087,1474,"(163, 113, 94)",8.062254275912153
189087,1474,"(227, 189, 164)",6.727268174191771
189088,1475,"(122, 80, 63)",5.698552891879683
189088,1475,"(182, 165, 136)",9.609950620745519
189088,1475,"(56, 38, 36)",13.80656416966525
189088,1475,"(123, 106, 97)",11.499758555695749
189088,1475,"(164, 144, 122)",8.79433618393383
189088,1475,"(93, 66, 58)",11.207065750736016
189088,1475,"(200, 185, 151)",4.684175272987835
189088,1475,"(143, 125, 111)",10.990700500023367
189088,1475,"(107, 88, 80)",12.318332632365998
189088,1475,"(78, 51, 44)",11.390563421966759
189109,1475,"(206, 181, 163)",5.25959152510021
189109,1475,"(139, 108, 87)",9.921740790227144
189109,1475,"(169, 140, 121)",18.208627600687155
189109,1475,"(102, 69, 47)",1.922122542469937
189109,1475,"(190, 163, 145)",9.912196984157282
189109,1475,"(150, 120, 99)",14.598205764458866
189109,1475,"(160, 130, 110)",17.67894636380989
189109,1475,"(227, 205, 188)",2.3888146592861235
189109,1475,"(124, 92, 71)",5.183241076541325
189109,1475,"(179, 151, 132)",14.926512693262072
189158,1475,"(130, 143, 145)",2.980769230769231
189158,1475,"(89, 62, 28)",15.702457264957264
189158,1475,"(144, 105, 49)",8.693910256410255
189158,1475,"(201, 165, 116)",8.565705128205128
189158,1475,"(211, 192, 165)",4.527243589743589
189158,1475,"(117, 84, 39)",8.880876068376068
189158,1475,"(180, 127, 59)",8.074252136752138
189158,1475,"(181, 144, 91)",15.718482905982906
189158,1475,"(239, 218, 188)",3.229166666666667
189158,1475,"(48, 40, 15)",23.627136752136753
189150,1475,"(176, 140, 102)",10.396789263232908
189150,1475,"(85, 59, 40)",15.52664396848648
189150,1475,"(20, 17, 13)",9.278376024387347
189150,1475,"(224, 206, 187)",6.883685023160062
189150,1475,"(143, 55, 33)",5.192703590799319
189150,1475,"(143, 108, 74)",12.08183221821925
189150,1475,"(110, 84, 59)",13.937606397719623
189150,1475,"(127, 121, 112)",3.739261253414625
189150,1475,"(57, 39, 26)",14.86202937566808
189150,1475,"(197, 170, 139)",8.101072884912309
189025,1476,"(53, 35, 19)",16.43810201960113
189025,1476,"(151, 139, 127)",8.963970460103713
189025,1476,"(140, 112, 73)",11.032844807383773
189025,1476,"(216, 218, 221)",3.008495624498004
189025,1476,"(23, 14, 6)",15.426999521288634
189025,1476,"(78, 59, 40)",13.689592734803918
189025,1476,"(129, 33, 11)",5.319604932930335
189025,1476,"(177, 175, 175)",6.963097162383301
189025,1476,"(116, 83, 47)",11.803740358172243
189025,1476,"(101, 94, 97)",7.353552378834949
9223372032559832065,1477,"(183, 157, 108)",7.029194078947368
9223372032559832065,1477,"(35, 25, 19)",20.045230263157894
9223372032559832065,1477,"(237, 235, 219)",7.640487938596491
9223372032559832065,1477,"(141, 91, 60)",6.930509868421053
9223372032559832065,1477,"(9, 7, 5)",27.683662280701753
9223372032559832065,1477,"(171, 129, 81)",6.7865953947368425
9223372032559832065,1477,"(215, 212, 189)",5.68530701754386
9223372032559832065,1477,"(70, 46, 31)",6.790021929824562
9223372032559832065,1477,"(199, 183, 146)",3.3395010964912277
9223372032559832065,1477,"(108, 66, 44)",8.069490131578947
189065,1477,"(183, 157, 108)",7.029194078947368
189065,1477,"(35, 25, 19)",20.045230263157894
189065,1477,"(237, 235, 219)",7.640487938596491
189065,1477,"(141, 91, 60)",6.930509868421053
189065,1477,"(9, 7, 5)",27.683662280701753
189065,1477,"(171, 129, 81)",6.7865953947368425
189065,1477,"(215, 212, 189)",5.68530701754386
189065,1477,"(70, 46, 31)",6.790021929824562
189065,1477,"(199, 183, 146)",3.3395010964912277
189065,1477,"(108, 66, 44)",8.069490131578947
189085,1477,"(86, 76, 79)",17.18652429124516
189085,1477,"(173, 150, 120)",18.3992131884601
189085,1477,"(160, 178, 208)",8.253715498938428
189085,1477,"(111, 133, 176)",11.566441863369551
189085,1477,"(135, 103, 80)",6.296365680029973
189085,1477,"(41, 14, 15)",9.833270887973024
189085,1477,"(150, 16, 29)",4.6078431372549025
189085,1477,"(210, 197, 174)",3.3017984263769202
189085,1477,"(66, 48, 49)",16.09966279505433
189085,1477,"(114, 67, 39)",4.455164231297615
189161,1477,"(110, 60, 31)",10.904711192251128
189161,1477,"(252, 252, 247)",24.176175262437244
189161,1477,"(158, 95, 47)",7.751660834727928
189161,1477,"(66, 27, 13)",12.620315431817028
189161,1477,"(170, 159, 143)",6.463055935899387
189161,1477,"(43, 59, 67)",4.386125057051574
189161,1477,"(26, 16, 14)",16.777219940159238
189161,1477,"(123, 115, 105)",6.457223997160099
189161,1477,"(213, 215, 179)",3.977889345301486
189161,1477,"(205, 146, 83)",6.485623003194887
189044,1478,"(156, 67, 66)",19.327228216520083
189044,1478,"(125, 138, 110)",13.36748571946686
189044,1478,"(245, 190, 100)",4.943331217698794
189044,1478,"(99, 68, 64)",18.53205186326956
189044,1478,"(136, 110, 77)",4.92247710581195
189044,1478,"(215, 156, 78)",2.591350077069544
189044,1478,"(249, 205, 118)",5.61700970169553
189044,1478,"(127, 69, 65)",13.401033638589174
189044,1478,"(111, 125, 97)",16.842868800435216
189044,1478,"(249, 243, 175)",0.4551636594432859
189095,1478,"(95, 98, 73)",11.333163376524531
189095,1478,"(181, 192, 196)",24.201480102121874
189095,1478,"(48, 44, 33)",12.78888039104845
189095,1478,"(51, 103, 151)",4.91396860232693
189095,1478,"(99, 65, 28)",5.464665609978681
189095,1478,"(121, 125, 98)",8.536265457756496
189095,1478,"(69, 71, 55)",11.96366619004866
189095,1478,"(97, 136, 163)",2.3845679217607523
189095,1478,"(22, 23, 17)",12.88605134912454
189095,1478,"(147, 154, 132)",5.527290999309089
189062,1479,"(60, 47, 48)",14.113595302619695
189062,1479,"(180, 145, 126)",7.486732158988256
189062,1479,"(134, 99, 89)",7.055668473351401
189062,1479,"(183, 176, 171)",9.118676603432702
189062,1479,"(43, 35, 36)",21.236449864498645
189062,1479,"(93, 79, 82)",7.89013098464318
189062,1479,"(221, 198, 180)",7.455962059620597
189062,1479,"(163, 121, 105)",8.657689701897018
189062,1479,"(78, 61, 63)",11.758412375790424
189062,1479,"(199, 168, 148)",5.226682475158085
189090,1480,"(152, 176, 201)",10.618085416106782
189090,1480,"(6, 7, 8)",34.85370196183822
189090,1480,"(205, 91, 61)",3.533716294902804
189090,1480,"(103, 82, 55)",9.601753560870733
189090,1480,"(190, 159, 118)",6.331043402311207
189090,1480,"(55, 43, 30)",10.400429991937651
189090,1480,"(215, 206, 193)",6.091692421392099
189090,1480,"(110, 117, 115)",2.6630945982262832
189090,1480,"(157, 125, 81)",8.104620173788408
189090,1480,"(155, 31, 33)",7.801862178625818
189045,1480,"(205, 186, 154)",14.638522884882107
189045,1480,"(224, 210, 188)",27.85540915395284
189045,1480,"(163, 139, 108)",3.1041955617198336
189045,1480,"(232, 221, 205)",15.210644937586684
189045,1480,"(216, 199, 171)",22.198335644937586
189045,1480,"(109, 91, 83)",1.0835644937586686
189045,1480,"(186, 166, 138)",7.303224687933425
189045,1480,"(95, 23, 12)",3.713592233009709
189045,1480,"(33, 44, 61)",2.142857142857143
189045,1480,"(201, 168, 111)",2.749653259361997
189046,1480,"(138, 116, 76)",13.389967637540453
189046,1480,"(72, 54, 32)",14.896619920891766
189046,1480,"(19, 14, 7)",11.73049262855088
189046,1480,"(216, 199, 166)",2.862279755483639
189046,1480,"(94, 73, 46)",14.011147069399495
189046,1480,"(157, 135, 95)",9.445343401654082
189046,1480,"(67, 49, 88)",3.2775979863358504
189046,1480,"(46, 34, 21)",13.327040632865875
189046,1480,"(179, 162, 128)",4.421071556993887
189046,1480,"(115, 94, 62)",12.63843941028407
189102,1480,"(133, 118, 110)",12.213048962274968
189102,1480,"(199, 182, 173)",12.29118548003997
189102,1480,"(111, 97, 90)",12.903828197945847
189102,1480,"(75, 54, 46)",5.591265746064508
189102,1480,"(218, 204, 194)",7.258341933264534
189102,1480,"(104, 74, 65)",12.43451766671581
189102,1480,"(173, 123, 105)",7.82806689927433
189102,1480,"(152, 140, 134)",9.663865546218489
189102,1480,"(146, 96, 80)",9.647812341310793
189102,1480,"(184, 158, 146)",10.168067226890756
189110,1480,"(169, 136, 90)",10.382775119617225
189110,1480,"(66, 50, 38)",10.008544087491455
189110,1480,"(209, 176, 122)",15.551093643198907
189110,1480,"(131, 111, 87)",10.373376623376624
189110,1480,"(40, 26, 18)",5.247778537252222
189110,1480,"(223, 196, 147)",5.998803827751196
189110,1480,"(88, 71, 54)",11.384142173615858
189110,1480,"(191, 157, 106)",14.510423786739576
189110,1480,"(110, 91, 71)",11.27904989747095
189110,1480,"(151, 135, 118)",5.264012303485988
189116,1480,"(27, 22, 20)",17.094701265203565
189116,1480,"(90, 84, 78)",8.71411735930447
189116,1480,"(61, 47, 38)",15.480399350721544
189116,1480,"(197, 215, 222)",6.652880617259245
189116,1480,"(185, 68, 20)",7.508949814333045
189116,1480,"(112, 56, 23)",10.937673715340315
189116,1480,"(187, 164, 82)",6.792964667689502
189116,1480,"(132, 135, 132)",6.068085295621818
189116,1480,"(159, 177, 193)",11.295666288662085
189116,1480,"(144, 114, 56)",9.454561625864407
189136,1480,"(228, 208, 188)",13.77151799687011
189136,1480,"(166, 116, 30)",15.235997604281382
189136,1480,"(169, 150, 107)",22.187445661624068
189136,1480,"(66, 47, 23)",10.351822871384686
189136,1480,"(88, 74, 51)",8.99553700805657
189136,1480,"(186, 206, 222)",4.119090399737243
189136,1480,"(204, 183, 146)",7.1060105488900485
189136,1480,"(134, 166, 163)",5.088970034196951
189136,1480,"(144, 74, 21)",7.592882397264244
189136,1480,"(126, 116, 81)",5.550725477694701
189147,1480,"(138, 103, 80)",9.413978494623656
189147,1480,"(241, 242, 247)",22.955913978494625
189147,1480,"(179, 158, 136)",6.926881720430107
189147,1480,"(157, 125, 99)",13.497849462365592
189147,1480,"(125, 90, 68)",6.004301075268817
189147,1480,"(165, 135, 109)",14.244086021505375
189147,1480,"(105, 72, 53)",2.1483870967741936
189147,1480,"(172, 146, 121)",12.565591397849463
189147,1480,"(148, 114, 90)",11.903225806451614
189147,1480,"(210, 199, 195)",0.33978494623655914
189159,1480,"(189, 174, 126)",14.037753491905791
189159,1480,"(146, 124, 55)",19.139734673601776
189159,1480,"(74, 45, 11)",10.19422204040286
189159,1480,"(148, 178, 183)",9.940973642685993
189159,1480,"(183, 146, 65)",9.339021681958974
189159,1480,"(206, 212, 212)",6.529912531899558
189159,1480,"(170, 55, 29)",2.283131708647459
189159,1480,"(152, 149, 102)",11.181890791498645
189159,1480,"(118, 87, 28)",14.442950928252781
189159,1480,"(229, 137, 102)",2.9104085091461633
189032,1481,"(251, 247, 228)",5.207176843774782
189032,1481,"(140, 95, 81)",12.240285487708167
189032,1481,"(219, 181, 143)",11.542426645519429
189032,1481,"(91, 49, 43)",10.837628865979381
189032,1481,"(164, 121, 103)",10.246827914353688
189032,1481,"(246, 225, 191)",10.092188739095956
189032,1481,"(56, 25, 25)",5.683980967486122
189032,1481,"(116, 70, 61)",12.748810467882631
189032,1481,"(192, 151, 124)",8.89670896114195
189032,1481,"(236, 203, 164)",12.50396510705789
189063,1481,"(115, 83, 50)",13.060056727093352
189063,1481,"(254, 254, 254)",21.460352694536937
189063,1481,"(14, 14, 19)",8.974842767295597
189063,1481,"(176, 146, 105)",7.1931187569367365
189063,1481,"(59, 33, 9)",14.116537180910099
189063,1481,"(151, 111, 68)",9.906400295967444
189063,1481,"(119, 113, 109)",2.5766432359107165
189063,1481,"(210, 185, 142)",3.0530275003082994
189063,1481,"(44, 48, 56)",5.488839560981625
189063,1481,"(87, 57, 28)",14.170181280059193
189101,1481,"(120, 62, 45)",4.420057496682884
189101,1481,"(189, 174, 171)",12.496544670499778
189101,1481,"(164, 147, 143)",13.070820433436534
189101,1481,"(71, 46, 41)",10.456518133569217
189101,1481,"(138, 122, 117)",15.790855816010616
189101,1481,"(92, 74, 70)",11.601614329942503
189101,1481,"(43, 22, 18)",7.207126271561257
189101,1481,"(216, 204, 203)",7.851890756302521
189101,1481,"(158, 92, 68)",3.406954887218045
189101,1481,"(115, 98, 94)",13.697617204776646
189126,1481,"(42, 36, 36)",7.1166405433646815
189126,1481,"(223, 206, 182)",8.825104493207942
189126,1481,"(132, 118, 108)",12.864420062695924
189126,1481,"(192, 175, 155)",12.998955067920583
189126,1481,"(76, 64, 62)",11.970350052246603
189126,1481,"(243, 240, 239)",10.33307210031348
189126,1481,"(168, 146, 123)",10.855538140020899
189126,1481,"(140, 142, 162)",5.6452455590386625
189126,1481,"(104, 91, 85)",12.235501567398119
189126,1481,"(197, 199, 215)",7.155172413793104
189091,1482,"(176, 146, 115)",7.581379110145223
189091,1482,"(36, 29, 29)",18.45020751771158
189091,1482,"(115, 100, 92)",4.303501518135244
189091,1482,"(163, 120, 84)",6.969260703441892
189091,1482,"(217, 203, 182)",3.7657599698726645
189091,1482,"(197, 174, 144)",6.126048376340627
189091,1482,"(15, 12, 14)",35.66739108262264
189091,1482,"(73, 60, 54)",5.949756392251626
189091,1482,"(135, 86, 56)",6.741187362210593
189091,1482,"(109, 46, 26)",4.445507967267906
9223372032559826651,1482,"(90, 82, 65)",13.20260067114094
9223372032559826651,1482,"(210, 174, 120)",7.387164429530202
9223372032559826651,1482,"(234, 229, 212)",4.635067114093959
9223372032559826651,1482,"(113, 107, 102)",13.357802013422818
9223372032559826651,1482,"(58, 58, 44)",10.190855704697986
9223372032559826651,1482,"(136, 131, 124)",13.186661073825503
9223372032559826651,1482,"(177, 138, 87)",9.288171140939596
9223372032559826651,1482,"(140, 105, 64)",10.83515100671141
9223372032559826651,1482,"(208, 195, 170)",7.931627516778524
9223372032559826651,1482,"(167, 160, 147)",9.984899328859061
189073,1482,"(231, 231, 223)",4.423363735444273
189073,1482,"(45, 35, 27)",16.67813916136064
189073,1482,"(200, 168, 110)",4.0691504617679115
189073,1482,"(108, 96, 62)",8.737738771295819
189073,1482,"(191, 195, 190)",6.652612860666551
189073,1482,"(126, 129, 107)",7.285034130671715
189073,1482,"(164, 118, 44)",4.262031778810303
189073,1482,"(77, 62, 39)",11.717002237136466
189073,1482,"(145, 160, 159)",6.626082716686743
189073,1482,"(18, 16, 20)",29.54884414615958
189096,1482,"(111, 67, 47)",13.3983953613808
189096,1482,"(184, 144, 113)",11.96188983279396
189096,1482,"(249, 237, 204)",6.61449905609493
189096,1482,"(163, 116, 87)",12.49072950377562
189096,1482,"(47, 8, 3)",8.712159519956849
189096,1482,"(133, 124, 115)",4.156553398058253
189096,1482,"(134, 92, 69)",13.703478964401295
189096,1482,"(201, 172, 143)",10.353458737864079
189096,1482,"(84, 41, 24)",10.11158306364617
189096,1482,"(229, 202, 169)",8.497252562028047
189097,1482,"(81, 68, 56)",14.800724637681158
189097,1482,"(189, 182, 170)",5.017292490118577
189097,1482,"(141, 119, 87)",8.141469038208168
189097,1482,"(13, 8, 7)",13.185935441370225
189097,1482,"(105, 91, 74)",12.544466403162055
189097,1482,"(223, 219, 212)",2.789855072463768
189097,1482,"(38, 29, 23)",16.100131752305664
189097,1482,"(109, 109, 115)",4.911890645586298
189097,1482,"(158, 147, 130)",6.175889328063241
189097,1482,"(61, 48, 37)",16.332345191040844
189135,1482,"(66, 57, 50)",18.976095617529882
189135,1482,"(174, 176, 167)",5.122509960159363
189135,1482,"(103, 94, 83)",13.27390438247012
189135,1482,"(213, 217, 205)",2.3725099601593627
189135,1482,"(45, 39, 36)",11.948207171314742
189135,1482,"(106, 119, 129)",4.9541832669322705
189135,1482,"(83, 75, 65)",17.592629482071715
189135,1482,"(131, 113, 94)",10.614541832669323
189135,1482,"(150, 143, 129)",7.059760956175298
189135,1482,"(115, 79, 60)",8.085657370517927
189144,1482,"(75, 71, 55)",15.946517858666532
189144,1482,"(196, 158, 100)",4.435549241454632
189144,1482,"(137, 132, 108)",13.194444444444445
189144,1482,"(202, 197, 176)",10.364191368453387
189144,1482,"(231, 232, 223)",5.6563465246847215
189144,1482,"(49, 43, 31)",14.88335978429666
189144,1482,"(144, 105, 70)",6.509710063311661
189144,1482,"(106, 121, 158)",4.470852744927388
189144,1482,"(168, 164, 142)",10.345739688390587
189144,1482,"(100, 99, 82)",14.19328828136999
189145,1482,"(62, 68, 51)",8.992947470817121
189145,1482,"(193, 167, 116)",4.557879377431907
189145,1482,"(141, 131, 100)",11.58487354085603
189145,1482,"(242, 240, 222)",7.648589494163424
189145,1482,"(179, 174, 149)",10.695038910505836
189145,1482,"(154, 151, 126)",10.429474708171206
189145,1482,"(87, 88, 69)",11.621352140077821
189145,1482,"(223, 217, 192)",10.879620622568094
189145,1482,"(204, 196, 168)",12.424124513618677
189145,1482,"(113, 110, 86)",11.166099221789883
189029,1482,"(184, 203, 198)",11.496760677088545
189029,1482,"(69, 43, 54)",12.421963788084007
189029,1482,"(201, 173, 127)",6.207089813647191
189029,1482,"(49, 18, 34)",12.80449968974559
189029,1482,"(156, 112, 76)",12.113266211626868
189029,1482,"(142, 143, 132)",3.9737028808067056
189029,1482,"(108, 50, 45)",12.136841098589732
189029,1482,"(100, 88, 84)",5.573014316183715
189029,1482,"(186, 143, 93)",10.000867377916558
189029,1482,"(135, 81, 60)",13.271994146311087
189079,1483,"(58, 52, 54)",18.09375
189079,1483,"(158, 127, 101)",4.634672619047619
189079,1483,"(240, 202, 136)",3.3720238095238093
189079,1483,"(100, 85, 79)",26.990327380952383
189079,1483,"(198, 162, 122)",3.8928571428571432
189079,1483,"(70, 66, 67)",19.372767857142854
189079,1483,"(249, 248, 227)",2.604910714285714
189079,1483,"(121, 99, 86)",14.427083333333332
189079,1483,"(227, 123, 90)",3.3415178571428577
189079,1483,"(243, 234, 178)",3.270089285714286
189086,1483,"(59, 42, 26)",22.454821685590918
189086,1483,"(200, 165, 121)",3.012013057261926
189086,1483,"(10, 8, 9)",13.699635939454943
189086,1483,"(155, 128, 88)",2.57692778054769
189086,1483,"(131, 43, 30)",2.1220402442121897
189086,1483,"(19, 19, 19)",18.009802353693757
189086,1483,"(40, 31, 25)",21.47105859775543
189086,1483,"(232, 197, 152)",3.4201465649429448
189086,1483,"(113, 89, 54)",4.006406336723079
189086,1483,"(76, 56, 35)",9.227147439817122
189130,1483,"(147, 145, 111)",3.268229166666667
189130,1483,"(61, 53, 41)",22.377604166666668
189130,1483,"(108, 83, 58)",11.673177083333334
189130,1483,"(44, 40, 31)",24.798177083333332
189130,1483,"(186, 213, 183)",6.486979166666666
189130,1483,"(120, 111, 81)",5.39453125
189130,1483,"(75, 72, 55)",11.6171875
189130,1483,"(168, 183, 149)",3.02734375
189130,1483,"(91, 63, 43)",9.736979166666666
189130,1483,"(165, 78, 53)",1.6197916666666665
189131,1483,"(231, 224, 223)",8.775510204081632
189131,1483,"(75, 50, 44)",17.732507288629737
189131,1483,"(119, 96, 82)",7.02332361516035
189131,1483,"(168, 162, 161)",6.2317784256559765
189131,1483,"(40, 21, 18)",14.76530612244898
189131,1483,"(135, 50, 44)",3.869533527696793
189131,1483,"(205, 194, 182)",5.112244897959184
189131,1483,"(149, 127, 111)",4.989067055393586
189131,1483,"(93, 70, 62)",11.392128279883382
189131,1483,"(58, 36, 31)",20.10860058309038
189132,1483,"(63, 48, 57)",22.01620346297837
189132,1483,"(188, 176, 150)",4.434016222961731
189132,1483,"(124, 92, 83)",7.261497764143095
189132,1483,"(210, 203, 169)",4.719510451331114
189132,1483,"(84, 60, 64)",15.751254419717139
189132,1483,"(51, 37, 48)",22.026115328618967
189132,1483,"(146, 121, 100)",4.890612000831947
189132,1483,"(167, 63, 67)",1.9214395278702163
189132,1483,"(168, 150, 124)",4.372107685108153
189132,1483,"(108, 72, 69)",12.607243136439267
189133,1483,"(46, 44, 46)",13.612417623299319
189133,1483,"(189, 186, 136)",11.26119393069728
189133,1483,"(82, 71, 61)",11.308195153061225
189133,1483,"(22, 24, 26)",12.894610969387754
189133,1483,"(143, 128, 91)",9.393435108418368
189133,1483,"(220, 223, 170)",10.211721407312925
189133,1483,"(179, 83, 63)",4.051571800595238
189133,1483,"(107, 100, 83)",10.696681016156463
189133,1483,"(191, 160, 96)",10.676086840986395
189133,1483,"(136, 147, 123)",5.894086150085034
189153,1483,"(45, 38, 26)",11.938282138794085
189153,1483,"(184, 173, 165)",11.163253697383391
189153,1483,"(111, 90, 71)",10.930034129692832
189153,1483,"(229, 225, 223)",6.535836177474402
189153,1483,"(148, 118, 87)",7.20136518771331
189153,1483,"(213, 199, 187)",12.030005688282138
189153,1483,"(81, 64, 46)",9.4226393629124
189153,1483,"(17, 15, 8)",15.248151308304891
189153,1483,"(124, 121, 122)",5.796359499431172
189153,1483,"(166, 147, 132)",9.734072810011376
189139,1484,"(178, 159, 138)",4.069123577938729
189139,1484,"(52, 43, 41)",18.468289736285733
189139,1484,"(131, 113, 103)",6.7814778185091535
189139,1484,"(80, 61, 56)",21.323368293881806
189139,1484,"(244, 230, 155)",7.887739329728706
189139,1484,"(249, 244, 211)",3.8961961896752877
189139,1484,"(91, 79, 79)",12.598826225741307
189139,1484,"(190, 125, 90)",8.753560705212102
189139,1484,"(139, 87, 69)",9.917859490574866
189139,1484,"(228, 183, 116)",6.3035586324523125
189030,1485,"(91, 72, 55)",6.565993788819875
189030,1485,"(163, 150, 145)",13.14052795031056
189030,1485,"(125, 106, 89)",9.639751552795031
189030,1485,"(201, 189, 183)",9.380434782608695
189030,1485,"(151, 136, 129)",11.90139751552795
189030,1485,"(176, 163, 159)",13.207298136645962
189030,1485,"(139, 122, 109)",10.489906832298136
189030,1485,"(65, 49, 36)",2.9301242236024843
189030,1485,"(110, 89, 71)",9.586180124223603
189030,1485,"(189, 176, 171)",13.158385093167702
189089,1485,"(161, 98, 56)",7.8599862731640355
189089,1485,"(96, 61, 40)",10.585449553877831
189089,1485,"(226, 199, 152)",6.105696636925189
189089,1485,"(167, 122, 83)",7.213452299245024
189089,1485,"(123, 88, 67)",5.581331503088538
189089,1485,"(208, 172, 128)",6.787920384351406
189089,1485,"(239, 227, 184)",4.382978723404255
189089,1485,"(128, 75, 44)",9.698009608785176
189089,1485,"(187, 148, 105)",6.512010981468771
189089,1485,"(59, 50, 50)",35.273164035689774
189114,1485,"(122, 100, 67)",11.59213992974239
189114,1485,"(178, 168, 142)",8.848067915690866
189114,1485,"(40, 48, 36)",14.422570257611241
189114,1485,"(157, 134, 94)",9.586504683840749
189114,1485,"(220, 197, 173)",3.783299180327869
189114,1485,"(137, 149, 132)",9.624194964871194
189114,1485,"(106, 122, 100)",11.346970140515221
189114,1485,"(95, 65, 40)",6.775468384074941
189114,1485,"(13, 22, 19)",15.51083138173302
189114,1485,"(69, 78, 61)",8.509953161592506
189100,1485,"(22, 23, 22)",17.161578341013826
189100,1485,"(124, 102, 85)",9.160426267281107
189100,1485,"(106, 40, 30)",13.068836405529954
189100,1485,"(232, 171, 111)",3.741359447004608
189100,1485,"(177, 40, 33)",9.65725806451613
189100,1485,"(72, 64, 55)",9.796947004608295
189100,1485,"(140, 70, 45)",9.995679723502304
189100,1485,"(197, 131, 89)",7.638248847926267
189100,1485,"(40, 36, 32)",12.852822580645162
189100,1485,"(195, 92, 60)",6.9268433179723505
9223372032559826650,1486,"(68, 67, 51)",10.393853778070367
9223372032559826650,1486,"(198, 182, 150)",12.005248335893496
9223372032559826650,1486,"(161, 98, 50)",7.254955745739156
9223372032559826650,1486,"(185, 134, 80)",5.191783702728403
9223372032559826650,1486,"(124, 69, 28)",7.83135834979153
9223372032559826650,1486,"(102, 102, 77)",7.601995099114915
9223372032559826650,1486,"(38, 39, 29)",8.988826713481092
9223372032559826650,1486,"(174, 158, 124)",13.903244093336259
9223372032559826650,1486,"(228, 210, 177)",16.08331504644869
9223372032559826650,1486,"(137, 134, 101)",10.745419135396093
189154,1486,"(241, 223, 190)",13.774622506679924
189154,1486,"(152, 117, 98)",7.309078481327286
189154,1486,"(206, 176, 148)",13.144690237991675
189154,1486,"(60, 39, 34)",8.619430808426024
189154,1486,"(178, 148, 125)",8.634965512955944
189154,1486,"(227, 198, 167)",14.714472130740072
189154,1486,"(237, 145, 111)",6.474088112844094
189154,1486,"(122, 83, 71)",7.692785683216305
189154,1486,"(250, 246, 221)",10.269993164730007
189154,1486,"(93, 59, 52)",9.365873361088672
9223372032559827997,1487,"(159, 118, 80)",9.063423349137635
9223372032559827997,1487,"(35, 27, 27)",14.74191784750791
9223372032559827997,1487,"(207, 185, 156)",9.423725572793895
9223372032559827997,1487,"(81, 54, 43)",6.375795816789606
9223372032559827997,1487,"(194, 163, 127)",10.185857390826335
9223372032559827997,1487,"(132, 86, 49)",5.185842452923199
9223372032559827997,1487,"(174, 139, 105)",11.316059142146099
9223372032559827997,1487,"(110, 92, 85)",5.832952416803348
9223372032559827997,1487,"(222, 208, 186)",6.326052599344526
9223372032559827997,1487,"(15, 12, 14)",21.548373411727447
189039,1488,"(133, 119, 112)",13.149793388429751
189039,1488,"(25, 16, 15)",9.938016528925619
189039,1488,"(181, 166, 156)",12.360537190082646
189039,1488,"(100, 76, 50)",8.574380165289258
189039,1488,"(224, 214, 213)",7.675619834710743
189039,1488,"(129, 102, 71)",10.448347107438016
189039,1488,"(200, 188, 186)",12.388429752066116
189039,1488,"(64, 45, 34)",8.740702479338843
189039,1488,"(169, 138, 93)",5.516528925619834
189039,1488,"(154, 141, 137)",11.207644628099175
189094,1488,"(28, 23, 23)",18.66599190283401
189094,1488,"(236, 225, 214)",5.145748987854251
189094,1488,"(158, 138, 116)",9.116396761133604
189094,1488,"(251, 250, 250)",24.987854251012145
189094,1488,"(167, 79, 45)",14.454453441295549
189094,1488,"(65, 48, 36)",8.091093117408906
189094,1488,"(221, 175, 136)",2.734817813765182
189094,1488,"(105, 75, 47)",6.867408906882591
189094,1488,"(189, 120, 75)",3.8987854251012144
189094,1488,"(139, 107, 68)",6.03744939271255
189118,1488,"(58, 54, 51)",44.74030172413793
189118,1488,"(196, 130, 93)",5.823275862068965
189118,1488,"(226, 204, 171)",3.8739224137931036
189118,1488,"(129, 113, 101)",5.438577586206896
189118,1488,"(76, 71, 68)",14.460129310344827
189118,1488,"(247, 239, 222)",2.2984913793103448
189118,1488,"(115, 82, 64)",9.296336206896552
189118,1488,"(155, 103, 75)",7.2090517241379315
189118,1488,"(172, 152, 134)",4.081896551724138
189118,1488,"(230, 178, 121)",2.7780172413793105
189155,1488,"(73, 54, 49)",19.47424960505529
189155,1488,"(155, 107, 74)",8.562401263823064
189155,1488,"(215, 171, 121)",5.256872037914692
189155,1488,"(123, 74, 56)",8.851184834123222
189155,1488,"(87, 71, 64)",16.549763033175356
189155,1488,"(52, 38, 35)",10.314060031595575
189155,1488,"(111, 92, 78)",13.874881516587678
189155,1488,"(191, 141, 96)",8.053080568720379
189155,1488,"(144, 118, 96)",7.033175355450237
189155,1488,"(242, 215, 162)",2.0303317535545022
189143,1488,"(151, 137, 121)",11.369565217391305
189143,1488,"(65, 52, 29)",14.919254658385093
189143,1488,"(230, 217, 203)",10.5527950310559
189143,1488,"(101, 86, 67)",8.072463768115941
189143,1488,"(200, 187, 178)",7.956521739130435
189143,1488,"(171, 160, 150)",11.177018633540373
189143,1488,"(128, 112, 91)",10.678053830227743
189143,1488,"(34, 24, 15)",15.545548654244307
189143,1488,"(80, 20, 11)",5.570393374741201
189143,1488,"(129, 60, 24)",4.158385093167702
189115,1489,"(233, 221, 198)",6.326306543697847
189115,1489,"(49, 34, 27)",19.21826965305226
189115,1489,"(101, 91, 77)",7.267237593324549
189115,1489,"(130, 131, 118)",4.437856829161177
189115,1489,"(161, 81, 43)",10.64064558629776
189115,1489,"(16, 10, 9)",16.07158541941151
189115,1489,"(210, 177, 139)",5.1103425559947295
189115,1489,"(183, 124, 83)",7.080039525691699
189115,1489,"(104, 47, 26)",9.94235836627141
189115,1489,"(65, 57, 54)",13.905357927097056
9223372032559852968,1490,"(125, 98, 68)",11.70138888888889
9223372032559852968,1490,"(253, 252, 251)",22.05128205128205
9223372032559852968,1490,"(58, 44, 32)",10.34188034188034
9223372032559852968,1490,"(168, 143, 107)",7.377136752136752
9223372032559852968,1490,"(66, 64, 61)",10.691773504273504
9223372032559852968,1490,"(132, 121, 102)",6.86431623931624
9223372032559852968,1490,"(149, 118, 80)",7.897970085470085
9223372032559852968,1490,"(87, 56, 41)",11.602564102564102
9223372032559852968,1490,"(103, 77, 55)",10.825320512820513
9223372032559852968,1490,"(209, 199, 189)",0.6463675213675213
9223372032559852810,1490,"(132, 157, 167)",7.97381438732065
9223372032559852810,1490,"(84, 70, 52)",10.880318952575493
9223372032559852810,1490,"(212, 202, 171)",12.424630226663057
9223372032559852810,1490,"(151, 115, 71)",8.114094455245736
9223372032559852810,1490,"(31, 32, 24)",15.139172593704625
9223372032559852810,1490,"(39, 49, 80)",15.73597814584205
9223372032559852810,1490,"(131, 123, 115)",7.50990574163857
9223372032559852810,1490,"(79, 82, 101)",10.513621932911672
9223372032559852810,1490,"(94, 21, 11)",4.685846479462506
9223372032559852810,1490,"(188, 161, 121)",7.022617084635641
189034,1490,"(65, 105, 84)",5.181239940005853
189034,1490,"(163, 169, 149)",20.077233318700614
189034,1490,"(43, 45, 16)",7.3460820895522385
189034,1490,"(82, 127, 109)",10.8452452809482
189034,1490,"(75, 76, 32)",6.014161728124085
189034,1490,"(145, 158, 136)",17.9000448127012
189034,1490,"(107, 110, 58)",5.409304580040971
189034,1490,"(129, 139, 97)",5.383011413520633
189034,1490,"(18, 21, 6)",13.584078687445128
189034,1490,"(109, 145, 130)",8.259598148961077
189037,1490,"(149, 51, 60)",10.94574507617986
189037,1490,"(228, 220, 161)",3.7402452619843922
189037,1490,"(70, 48, 24)",13.773690078037903
189037,1490,"(141, 139, 84)",12.456335934596805
189037,1490,"(131, 175, 191)",5.390189520624303
189037,1490,"(158, 115, 39)",8.039762170196953
189037,1490,"(90, 94, 60)",16.698253437383872
189037,1490,"(18, 22, 39)",12.499070977331847
189037,1490,"(185, 98, 102)",6.3303604607952435
189037,1490,"(189, 176, 126)",10.126347082868822
189042,1490,"(117, 41, 18)",4.657749803304485
189042,1490,"(151, 153, 101)",9.651193286126409
189042,1490,"(217, 215, 167)",9.074219774455809
189042,1490,"(181, 186, 137)",14.356150013113034
189042,1490,"(100, 120, 79)",8.224495148177288
189042,1490,"(193, 48, 44)",2.989771833202203
189042,1490,"(140, 109, 46)",9.50957251507999
189042,1490,"(217, 177, 94)",5.5704169944925255
189042,1490,"(33, 43, 22)",18.33202202989772
189042,1490,"(70, 81, 40)",17.634408602150536
189072,1490,"(147, 131, 107)",15.06443298969072
189072,1490,"(64, 51, 40)",3.167955326460481
189072,1490,"(176, 165, 147)",10.816151202749142
189072,1490,"(102, 88, 72)",7.751288659793815
189072,1490,"(158, 142, 119)",15.198668384879724
189072,1490,"(119, 104, 85)",9.226804123711341
189072,1490,"(188, 177, 162)",7.428049828178694
189072,1490,"(84, 71, 57)",6.114690721649485
189072,1490,"(134, 118, 97)",12.127362542955327
189072,1490,"(167, 153, 132)",13.104596219931272
189074,1490,"(159, 217, 55)",9.947614723754977
189074,1490,"(46, 172, 110)",8.39421666550255
189074,1490,"(127, 210, 76)",13.768596773066982
189074,1490,"(35, 135, 135)",5.710344345882517
189074,1490,"(100, 203, 93)",15.77146050150171
189074,1490,"(56, 182, 131)",10.034923517496683
189074,1490,"(75, 194, 108)",15.339456590067751
189074,1490,"(36, 160, 134)",13.299224697911574
189074,1490,"(196, 223, 33)",5.801843961723825
189074,1490,"(39, 97, 125)",1.93231822309143
189075,1490,"(186, 178, 178)",10.751113394998287
189075,1490,"(215, 205, 193)",7.988180883864338
189075,1490,"(204, 192, 177)",8.94741349777321
189075,1490,"(211, 205, 213)",14.647139431312093
189075,1490,"(158, 147, 134)",2.7834874957177114
189075,1490,"(194, 187, 191)",17.25334018499486
189075,1490,"(223, 215, 215)",8.331620417951353
189075,1490,"(193, 180, 159)",5.351147653305927
189075,1490,"(203, 196, 201)",16.968996231586157
189075,1490,"(176, 165, 154)",6.97756080849606
189092,1490,"(200, 192, 189)",18.353658536585364
189092,1490,"(183, 173, 164)",11.229965156794425
189092,1490,"(133, 120, 105)",1.61411149825784
189092,1490,"(209, 202, 198)",14.88850174216028
189092,1490,"(172, 160, 148)",7.574912891986063
189092,1490,"(218, 212, 207)",9.004355400696864
189092,1490,"(201, 189, 169)",8.316202090592334
189092,1490,"(190, 182, 180)",15.072299651567944
189092,1490,"(213, 203, 180)",9.249128919860627
189092,1490,"(156, 144, 130)",4.696864111498257
189093,1490,"(112, 100, 82)",9.158730612672901
189093,1490,"(143, 123, 98)",18.49343666885921
189093,1490,"(162, 150, 130)",5.116061810659574
189093,1490,"(77, 61, 43)",2.59597143973842
189093,1490,"(134, 113, 89)",20.397708315459337
189093,1490,"(119, 89, 63)",10.40752709697715
189093,1490,"(180, 172, 159)",1.3542292256508517
189093,1490,"(150, 135, 112)",11.961945072020285
189093,1490,"(130, 102, 75)",12.93333714645237
189093,1490,"(99, 80, 59)",7.5810526115099
189103,1490,"(70, 60, 51)",15.019160583941607
189103,1490,"(155, 139, 117)",7.458029197080291
189103,1490,"(85, 74, 66)",12.090328467153284
189103,1490,"(24, 18, 11)",10.173357664233576
189103,1490,"(175, 161, 141)",14.865875912408761
189103,1490,"(183, 126, 73)",2.89507299270073
189103,1490,"(84, 50, 32)",10.261861313868613
189103,1490,"(131, 88, 57)",5.250912408759125
189103,1490,"(53, 38, 27)",16.901459854014597
189103,1490,"(201, 188, 169)",5.083941605839416
189104,1490,"(19, 11, 6)",12.86895910780669
189104,1490,"(171, 151, 124)",6.04275092936803
189104,1490,"(218, 214, 221)",11.817843866171003
189104,1490,"(66, 47, 29)",15.793680297397769
189104,1490,"(146, 120, 90)",6.785315985130111
189104,1490,"(118, 92, 64)",8.459107806691451
189104,1490,"(197, 184, 165)",5.354089219330855
189104,1490,"(87, 70, 46)",11.195167286245352
189104,1490,"(43, 29, 18)",17.37825278810409
189104,1490,"(121, 52, 30)",4.304832713754648
189106,1490,"(169, 152, 138)",12.405191132656668
189106,1490,"(100, 74, 63)",12.096147048427005
189106,1490,"(117, 94, 80)",16.29180763857328
189106,1490,"(183, 111, 95)",6.284064704001077
189106,1490,"(212, 196, 177)",3.535491255533673
189106,1490,"(79, 53, 44)",7.480179770741807
189106,1490,"(189, 150, 121)",8.68959248598697
189106,1490,"(152, 131, 115)",10.781363093134038
189106,1490,"(134, 110, 95)",13.07680654446296
189106,1490,"(194, 173, 152)",9.35935632648252
189113,1490,"(63, 56, 51)",22.60608856088561
189113,1490,"(223, 199, 179)",8.483394833948338
189113,1490,"(156, 127, 99)",5.294280442804428
189113,1490,"(246, 246, 246)",9.595018450184503
189113,1490,"(177, 165, 160)",6.404981549815498
189113,1490,"(96, 85, 77)",8.353321033210333
189113,1490,"(229, 170, 82)",4.543357933579336
189113,1490,"(103, 110, 135)",2.9095940959409594
189113,1490,"(44, 38, 33)",17.570110701107012
189113,1490,"(240, 220, 214)",14.239852398523986
189119,1490,"(124, 123, 102)",7.877201332698715
189119,1490,"(25, 9, 6)",11.287142177194532
189119,1490,"(226, 156, 108)",13.452777588903245
189119,1490,"(114, 79, 49)",9.254096688651662
189119,1490,"(170, 160, 125)",9.118107023866186
189119,1490,"(57, 37, 30)",11.117155096212688
189119,1490,"(128, 42, 20)",5.541578840008159
189119,1490,"(162, 99, 56)",9.51927653498334
189119,1490,"(194, 193, 164)",10.321615557217651
189119,1490,"(189, 130, 85)",12.51104916026382
189127,1490,"(93, 122, 123)",9.576365663322186
189127,1490,"(21, 22, 17)",12.179487179487179
189127,1490,"(160, 150, 108)",13.355629877369008
189127,1490,"(88, 85, 57)",10.997770345596432
189127,1490,"(191, 180, 134)",6.159420289855073
189127,1490,"(233, 224, 173)",8.446674098848012
189127,1490,"(139, 111, 70)",9.249349684132293
189127,1490,"(57, 51, 33)",14.90152359717577
189127,1490,"(141, 43, 41)",7.816796729840209
189127,1490,"(149, 169, 159)",7.316982534373839
189137,1490,"(164, 123, 98)",9.39870330612332
189137,1490,"(252, 252, 252)",26.479047513765007
189137,1490,"(107, 79, 67)",8.179586089729044
189137,1490,"(223, 198, 167)",2.78694152077406
189137,1490,"(132, 104, 89)",9.684864211753252
189137,1490,"(78, 56, 47)",7.668646810920467
189137,1490,"(189, 147, 114)",10.8518111241052
189137,1490,"(50, 36, 33)",9.96966752582818
189137,1490,"(209, 170, 135)",9.008589675710166
189137,1490,"(162, 144, 127)",5.9721422212913025
189138,1490,"(34, 23, 19)",22.728345837049474
189138,1490,"(190, 188, 191)",21.474476680132206
189138,1490,"(165, 127, 75)",2.481506741514086
189138,1490,"(192, 163, 102)",3.2494360211951103
189138,1490,"(18, 11, 10)",22.326346991238655
189138,1490,"(83, 52, 34)",7.344840249724569
189138,1490,"(105, 89, 68)",2.89268663763706
189138,1490,"(52, 38, 30)",12.842977808089817
189138,1490,"(166, 75, 38)",1.953596348565133
189138,1490,"(214, 192, 137)",2.7057866848538903
189160,1490,"(146, 113, 85)",6.227871189985702
189160,1490,"(211, 176, 147)",6.11641112748317
189160,1490,"(61, 36, 19)",12.44487293359926
189160,1490,"(193, 145, 110)",7.064175398133671
189160,1490,"(87, 62, 40)",9.893061369923277
189160,1490,"(233, 211, 191)",3.273375580534558
189160,1490,"(28, 14, 5)",8.297696770745368
189160,1490,"(120, 48, 16)",5.60098069419102
189160,1490,"(128, 89, 48)",38.0913638068017
189160,1490,"(192, 110, 58)",2.990191128602273
189031,1490,"(132, 98, 70)",9.411647783740806
189031,1490,"(202, 189, 170)",18.14152256012721
189031,1490,"(161, 135, 105)",8.064003180282251
189031,1490,"(193, 179, 158)",15.802027429934407
189031,1490,"(93, 59, 37)",2.815543629497118
189031,1490,"(147, 116, 87)",8.8719936394355
189031,1490,"(185, 167, 142)",10.738421784933413
189031,1490,"(116, 79, 55)",6.523553965414431
189031,1490,"(211, 199, 182)",11.416219439475253
189031,1490,"(174, 152, 123)",8.21506658715961
189077,1490,"(234, 223, 113)",3.15407772304324
189077,1490,"(57, 34, 30)",6.746031746031746
189077,1490,"(230, 180, 21)",2.70935960591133
189077,1490,"(154, 120, 44)",8.95935960591133
189077,1490,"(172, 97, 11)",5.04584017515052
189077,1490,"(162, 135, 66)",5.5384510125889435
189077,1490,"(223, 198, 55)",7.365216201423099
189077,1490,"(37, 24, 19)",44.376026272577995
189077,1490,"(62, 36, 6)",6.09263820470717
189077,1490,"(239, 228, 80)",10.012999452654626
189146,1490,"(81, 57, 42)",21.773015873015872
189146,1490,"(246, 251, 251)",22.41111111111111
189146,1490,"(190, 188, 161)",4.136507936507936
189146,1490,"(180, 95, 50)",2.0444444444444447
189146,1490,"(61, 43, 32)",30.806349206349203
189146,1490,"(120, 73, 41)",7.544444444444444
189146,1490,"(219, 210, 113)",2.061904761904762
189146,1490,"(142, 125, 90)",3.077777777777778
189146,1490,"(187, 168, 86)",2.5047619047619047
189146,1490,"(99, 87, 77)",3.63968253968254
189152,1491,"(180, 173, 158)",5.898128375832182
189152,1491,"(67, 54, 51)",12.098982539881925
189152,1491,"(168, 138, 99)",8.010300213541012
189152,1491,"(83, 21, 26)",6.567014194196709
189152,1491,"(108, 117, 148)",7.124733073734456
189152,1491,"(101, 77, 64)",11.146840849139556
189152,1491,"(17, 12, 19)",17.99522673031026
189152,1491,"(135, 104, 80)",9.075493028514007
189152,1491,"(207, 209, 207)",5.793242055018214
189152,1491,"(40, 31, 34)",16.290038939831682
189076,1492,"(61, 55, 25)",13.666894353369763
189076,1492,"(194, 138, 78)",8.973132969034609
189076,1492,"(129, 100, 49)",12.543032786885247
189076,1492,"(239, 212, 140)",2.239981785063752
189076,1492,"(173, 54, 38)",6.930783242258652
189076,1492,"(221, 170, 105)",4.5997267759562845
189076,1492,"(155, 120, 63)",11.971311475409836
189076,1492,"(94, 78, 38)",11.03620218579235
189076,1492,"(30, 37, 14)",22.775273224043715
189076,1492,"(211, 91, 55)",5.2636612021857925
189105,1492,"(14, 12, 7)",17.115526802218113
189105,1492,"(198, 205, 199)",10.83456561922366
189105,1492,"(126, 125, 101)",7.346580406654343
189105,1492,"(70, 63, 40)",10.286506469500925
189105,1492,"(42, 36, 22)",13.203327171903881
189105,1492,"(218, 226, 223)",10.954713493530498
189105,1492,"(175, 177, 156)",10.008317929759704
189105,1492,"(100, 93, 65)",8.364140480591498
189105,1492,"(154, 153, 130)",9.071164510166358
189105,1492,"(144, 127, 61)",2.8151571164510165
189123,1492,"(58, 51, 46)",21.436346863468636
189123,1492,"(226, 208, 184)",6.945571955719557
189123,1492,"(237, 196, 124)",3.3016605166051662
189123,1492,"(159, 104, 72)",8.088560885608857
189123,1492,"(90, 72, 61)",15.969557195571957
189123,1492,"(193, 168, 145)",6.4833948339483385
189123,1492,"(148, 128, 111)",6.545202952029521
189123,1492,"(247, 241, 230)",11.487084870848708
189123,1492,"(201, 134, 89)",6.154059040590406
189123,1492,"(116, 92, 76)",13.588560885608855
189067,1493,"(44, 25, 20)",13.853960396039605
189067,1493,"(191, 188, 191)",21.222772277227723
189067,1493,"(147, 114, 72)",4.137376237623762
189067,1493,"(99, 33, 22)",10.548886138613861
189067,1493,"(19, 9, 10)",14.439975247524753
189067,1493,"(89, 60, 39)",7.066831683168316
189067,1493,"(175, 147, 101)",2.847772277227723
189067,1493,"(131, 54, 30)",8.008044554455445
189067,1493,"(68, 36, 25)",13.441831683168317
189067,1493,"(116, 85, 55)",4.432549504950495
189049,1495,"(106, 100, 76)",9.744802666658723
189049,1495,"(21, 37, 27)",17.443141366871114
189049,1495,"(202, 149, 85)",7.273019740781231
189049,1495,"(113, 86, 40)",8.189966666765962
189049,1495,"(225, 189, 134)",4.687087616658872
189049,1495,"(7, 16, 8)",20.554481517779212
189049,1495,"(76, 54, 19)",9.144685300311885
189049,1495,"(192, 100, 47)",5.906029472655726
189049,1495,"(56, 64, 49)",10.989362557752285
189049,1495,"(131, 123, 107)",6.067423093764987
189026,1495,"(108, 82, 66)",13.735347985347984
189026,1495,"(244, 242, 250)",13.888278388278389
189026,1495,"(154, 128, 113)",11.54029304029304
189026,1495,"(75, 54, 42)",9.820512820512821
189026,1495,"(139, 112, 96)",12.143772893772892
189026,1495,"(169, 145, 133)",6.5366300366300365
189026,1495,"(54, 36, 26)",5.059523809523809
189026,1495,"(92, 68, 54)",12.85897435897436
189026,1495,"(123, 96, 80)",13.064102564102564
189026,1495,"(196, 183, 179)",1.3525641025641026
189036,1495,"(168, 78, 56)",8.964227899774775
189036,1495,"(206, 180, 126)",7.239231418918919
189036,1495,"(79, 51, 40)",11.399123733108107
189036,1495,"(185, 150, 99)",14.616413288288289
189036,1495,"(113, 72, 50)",14.50168918918919
189036,1495,"(174, 184, 180)",6.348975929054054
189036,1495,"(133, 101, 68)",13.197230433558557
189036,1495,"(43, 33, 21)",5.474556587837838
189036,1495,"(207, 224, 201)",3.4071473817567566
189036,1495,"(159, 126, 85)",14.851404138513512
189050,1495,"(140, 94, 75)",8.97390471096849
189050,1495,"(222, 206, 187)",9.386393011543433
189050,1495,"(59, 17, 15)",18.8554619601551
189050,1495,"(210, 164, 127)",11.729397869590409
189050,1495,"(110, 63, 48)",12.667691759147836
189050,1495,"(83, 37, 30)",20.456834692695104
189050,1495,"(188, 65, 54)",3.346035566252173
189050,1495,"(153, 157, 173)",2.4558764540714
189050,1495,"(178, 132, 101)",8.269710745643357
189050,1495,"(224, 107, 107)",3.8586932299327006
189054,1495,"(55, 51, 49)",18.162609409190374
189054,1495,"(140, 149, 142)",4.855032822757112
189054,1495,"(238, 218, 163)",5.6304704595186
189054,1495,"(110, 102, 91)",12.664797592997811
189054,1495,"(156, 131, 101)",9.501504376367615
189054,1495,"(84, 70, 65)",21.651394967177243
189054,1495,"(249, 245, 217)",4.824945295404814
189054,1495,"(173, 188, 180)",6.401121444201313
189054,1495,"(200, 170, 124)",7.3502461706783375
189054,1495,"(134, 86, 74)",8.957877461706783
189084,1495,"(251, 252, 250)",27.07125168490016
189084,1495,"(170, 79, 70)",12.856963731544466
189084,1495,"(32, 28, 29)",8.838280931632237
189084,1495,"(228, 117, 83)",12.251183348484373
189084,1495,"(146, 126, 98)",7.128303187987838
189084,1495,"(82, 50, 50)",5.414407071878625
189084,1495,"(229, 234, 223)",5.258455847779066
189084,1495,"(202, 97, 75)",11.041189931350115
189084,1495,"(126, 67, 65)",7.017805084480111
189084,1495,"(197, 172, 135)",3.1221591799630106
189125,1496,"(129, 90, 72)",11.84707199825194
189125,1496,"(184, 138, 108)",8.258084780946138
189125,1496,"(71, 44, 37)",8.881514257620452
189125,1496,"(171, 123, 98)",14.602179613241558
189125,1496,"(112, 76, 61)",8.548699879820825
189125,1496,"(145, 102, 82)",14.76496777013001
189125,1496,"(88, 59, 48)",6.685512946574894
189125,1496,"(159, 112, 90)",18.151972031028077
189125,1496,"(200, 157, 123)",3.950890418442041
189125,1496,"(41, 34, 32)",4.309106303944063
189040,1497,"(200, 142, 82)",9.634581997863249
189040,1497,"(82, 61, 49)",15.238548344017094
189040,1497,"(242, 238, 202)",7.97943376068376
189040,1497,"(120, 91, 68)",11.879006410256409
189040,1497,"(211, 174, 114)",9.703024839743591
189040,1497,"(157, 136, 104)",8.190604967948719
189040,1497,"(46, 35, 31)",14.799512553418804
189040,1497,"(173, 104, 64)",9.530248397435898
189040,1497,"(176, 183, 162)",6.14566639957265
189040,1497,"(235, 216, 154)",6.899372329059829
189027,1500,"(47, 39, 38)",11.861370716510903
189027,1500,"(239, 184, 132)",14.98921639108555
189027,1500,"(248, 245, 234)",4.840642223819794
189027,1500,"(185, 99, 76)",5.609273903666427
189027,1500,"(163, 125, 102)",11.613347711478553
189027,1500,"(246, 219, 163)",8.5849508746705
189027,1500,"(90, 63, 56)",11.791876347951115
189027,1500,"(183, 173, 165)",3.730529595015576
189027,1500,"(124, 91, 78)",11.630721303618499
189027,1500,"(209, 150, 113)",15.34807093218308
189033,1500,"(72, 67, 68)",19.185483870967744
189033,1500,"(173, 176, 163)",7.153225806451613
189033,1500,"(124, 125, 123)",6.044354838709677
189033,1500,"(36, 32, 34)",7.846774193548386
189033,1500,"(56, 51, 53)",15.568548387096776
189033,1500,"(190, 198, 191)",6.209677419354839
189033,1500,"(88, 83, 83)",14.786290322580644
189033,1500,"(146, 150, 147)",9.076612903225806
189033,1500,"(106, 102, 99)",10.556451612903226
189033,1500,"(152, 121, 99)",3.5725806451612905
189038,1500,"(41, 31, 36)",28.746345029239766
189038,1500,"(183, 138, 113)",6.5723019670388085
189038,1500,"(146, 100, 83)",8.572567783094097
189038,1500,"(251, 249, 218)",4.597787081339713
189038,1500,"(108, 74, 68)",13.304093567251464
189038,1500,"(136, 149, 155)",5.522328548644338
189038,1500,"(114, 115, 118)",4.368520733652312
189038,1500,"(220, 179, 142)",6.55319643806486
189038,1500,"(245, 221, 171)",7.014221158958001
189038,1500,"(77, 52, 52)",14.74863769271664
189048,1500,"(183, 100, 95)",10.833942495126706
189048,1500,"(95, 77, 78)",20.399813190383366
189048,1500,"(145, 141, 133)",5.352501624431449
189048,1500,"(149, 88, 85)",12.089831059129304
189048,1500,"(135, 116, 108)",6.9657651072124755
189048,1500,"(225, 181, 147)",3.1290610786224824
189048,1500,"(72, 64, 67)",23.202972709551656
189048,1500,"(110, 92, 90)",12.192373294346979
189048,1500,"(245, 227, 193)",1.6254467186484731
189048,1500,"(204, 132, 112)",4.2082927225471085
189111,1500,"(60, 33, 21)",19.501414427157002
189111,1500,"(184, 164, 156)",8.330975954738332
189111,1500,"(79, 54, 38)",14.937234794908063
189111,1500,"(137, 101, 69)",10.838048090523337
189111,1500,"(174, 134, 80)",6.1607142857142865
189111,1500,"(230, 212, 197)",1.4966407355021216
189111,1500,"(151, 134, 128)",6.163366336633663
189111,1500,"(35, 15, 9)",13.163012729844414
189111,1500,"(108, 76, 52)",12.947312588401697
189111,1500,"(108, 38, 25)",6.461280056577086
189112,1500,"(194, 176, 156)",7.7588006452225065
189112,1500,"(114, 59, 65)",10.288241557811725
189112,1500,"(252, 251, 230)",15.66246006895025
189112,1500,"(175, 129, 103)",5.609429526309686
189112,1500,"(123, 102, 105)",8.605075328673394
189112,1500,"(81, 38, 55)",16.112007253481778
189112,1500,"(88, 68, 85)",7.730229517875404
189112,1500,"(212, 198, 172)",12.889163003025796
189112,1500,"(152, 84, 77)",10.273692422852685
189112,1500,"(151, 135, 137)",5.070900675796776
189151,1500,"(155, 152, 139)",5.566190884587111
189151,1500,"(101, 87, 75)",19.89631830433717
189151,1500,"(189, 90, 69)",3.9688495466797353
189151,1500,"(218, 197, 119)",5.802039941190885
189151,1500,"(48, 42, 40)",7.220962999264886
189151,1500,"(123, 79, 57)",8.201880666503309
189151,1500,"(179, 155, 100)",8.305256064690028
189151,1500,"(133, 115, 87)",13.297139181573145
189151,1500,"(235, 227, 167)",3.661020583190395
189151,1500,"(81, 66, 60)",24.080341827983336
189156,1500,"(126, 65, 52)",7.766865079365079
189156,1500,"(253, 253, 253)",25.60019841269841
189156,1500,"(9, 9, 8)",16.750992063492063
189156,1500,"(200, 181, 130)",5.40079365079365
189156,1500,"(169, 145, 82)",8.203373015873016
189156,1500,"(203, 215, 219)",5.275793650793651
189156,1500,"(83, 68, 49)",9.15873015873016
189156,1500,"(153, 179, 182)",3.8551587301587302
189156,1500,"(40, 35, 28)",7.703373015873016
189156,1500,"(131, 114, 69)",10.284722222222223
189120,1500,"(52, 55, 50)",17.01822946674612
189120,1500,"(193, 126, 84)",8.427301070985287
189120,1500,"(209, 203, 149)",7.499037002163041
189120,1500,"(86, 94, 86)",14.987044798330146
189120,1500,"(212, 215, 197)",2.637132538133068
189120,1500,"(201, 174, 109)",5.069977842818999
189120,1500,"(144, 148, 127)",7.73953953888042
189120,1500,"(71, 74, 66)",16.7643931138247
189120,1500,"(91, 117, 110)",12.038296037058133
189120,1500,"(138, 104, 77)",7.8190485910600875
189124,1501,"(177, 154, 133)",7.241176184480029
189124,1501,"(31, 25, 26)",22.460670453255798
189124,1501,"(143, 91, 61)",9.492525899945417
189124,1501,"(180, 179, 190)",6.611511627278574
189124,1501,"(138, 117, 100)",7.587116769978221
189124,1501,"(92, 79, 72)",8.36094012613557
189124,1501,"(187, 125, 77)",6.971030431422564
189124,1501,"(113, 129, 170)",4.403463594161231
189124,1501,"(108, 60, 44)",10.622693053896747
189124,1501,"(64, 47, 42)",16.248871859445845
189129,1504,"(209, 155, 109)",7.011782329386686
189129,1504,"(117, 91, 73)",14.23602108720076
189129,1504,"(240, 224, 187)",12.833088468297179
189129,1504,"(40, 32, 31)",8.36358136721113
189129,1504,"(154, 121, 90)",12.738023218966957
189129,1504,"(170, 152, 129)",8.851150865669922
189129,1504,"(210, 191, 160)",8.924610376516002
189129,1504,"(175, 190, 237)",2.084233572436839
189129,1504,"(249, 247, 231)",13.721084319995391
189129,1504,"(81, 64, 56)",11.23642439431913
189134,1504,"(90, 78, 74)",15.714285714285714
189134,1504,"(216, 200, 168)",7.037362637362637
189134,1504,"(163, 142, 124)",8.843956043956045
189134,1504,"(69, 61, 59)",17.145787545787545
189134,1504,"(251, 247, 217)",6.791941391941392
189134,1504,"(116, 97, 88)",13.1992673992674
189134,1504,"(238, 227, 192)",7.263003663003663
189134,1504,"(202, 151, 124)",5.4673992673992675
189134,1504,"(142, 117, 103)",10.82930402930403
189134,1504,"(193, 173, 147)",7.707692307692307
189035,1505,"(23, 15, 12)",6.384848484848485
189035,1505,"(139, 130, 126)",12.27878787878788
189035,1505,"(199, 194, 196)",7.991666666666666
189035,1505,"(112, 100, 92)",11.25
189035,1505,"(165, 117, 81)",6.301515151515151
189035,1505,"(169, 161, 156)",14.416666666666666
189035,1505,"(65, 44, 34)",11.918181818181818
189035,1505,"(235, 231, 234)",9.126515151515152
189035,1505,"(86, 71, 63)",12.062878787878788
189035,1505,"(128, 68, 41)",8.268939393939394
189099,1505,"(94, 67, 71)",14.995989118303571
189099,1505,"(205, 181, 145)",7.066999162946429
189099,1505,"(177, 86, 88)",6.458217075892857
189099,1505,"(230, 224, 194)",6.881626674107142
189099,1505,"(62, 49, 62)",12.549351283482144
189099,1505,"(170, 131, 111)",9.938092912946427
189099,1505,"(126, 83, 80)",13.057512555803571
189099,1505,"(215, 203, 169)",8.262067522321429
189099,1505,"(141, 109, 98)",12.516392299107142
189099,1505,"(187, 154, 127)",8.273751395089286
189148,1505,"(154, 142, 127)",9.701704545454545
189148,1505,"(223, 204, 175)",18.339646464646464
189148,1505,"(117, 100, 80)",9.248737373737374
189148,1505,"(177, 129, 86)",11.220801767676768
189148,1505,"(206, 162, 113)",6.446496212121213
189148,1505,"(87, 68, 48)",12.24352904040404
189148,1505,"(180, 172, 163)",8.880997474747474
189148,1505,"(151, 73, 45)",7.238794191919191
189148,1505,"(48, 41, 31)",7.126736111111111
189148,1505,"(243, 236, 214)",9.552556818181818
189149,1505,"(70, 51, 41)",9.96309963099631
189149,1505,"(188, 170, 147)",10.149907749077492
189149,1505,"(176, 131, 94)",7.370848708487085
189149,1505,"(245, 240, 230)",6.453720787207871
189149,1505,"(162, 145, 126)",17.300123001230013
189149,1505,"(26, 20, 17)",11.014760147601477
189149,1505,"(142, 66, 44)",5.027675276752768
189149,1505,"(217, 205, 186)",6.730473554735547
189149,1505,"(94, 86, 80)",9.652521525215253
189149,1505,"(127, 116, 108)",16.336869618696188
189107,1505,"(125, 115, 94)",7.093333333333334
189107,1505,"(208, 216, 207)",7.263999999999999
189107,1505,"(27, 21, 22)",20.202666666666666
189107,1505,"(156, 150, 131)",11.025777777777778
189107,1505,"(119, 119, 37)",15.68711111111111
189107,1505,"(191, 173, 87)",4.494222222222223
189107,1505,"(179, 182, 170)",10.75911111111111
189107,1505,"(82, 78, 50)",9.230222222222222
189107,1505,"(159, 142, 50)",9.155555555555555
189107,1505,"(123, 138, 160)",5.088
189108,1505,"(200, 186, 156)",3.78131021194605
189108,1505,"(66, 41, 36)",16.83676541425819
189108,1505,"(167, 132, 48)",6.158176782273602
189108,1505,"(195, 160, 105)",6.585681599229288
189108,1505,"(124, 136, 167)",5.393485067437379
189108,1505,"(121, 103, 48)",12.11915944123314
189108,1505,"(36, 19, 23)",22.609585741811173
189108,1505,"(155, 43, 16)",1.463150289017341
189108,1505,"(144, 109, 88)",9.615847784200385
189108,1505,"(89, 77, 43)",15.436837668593448
189052,1510,"(25, 24, 15)",19.35056611835078
189052,1510,"(143, 130, 108)",6.761375774407178
189052,1510,"(87, 72, 40)",9.320657979064302
189052,1510,"(201, 193, 173)",5.419782097842341
189052,1510,"(38, 45, 54)",6.368297372356333
189052,1510,"(122, 106, 68)",6.058534501174963
189052,1510,"(61, 48, 21)",9.594103823969236
189052,1510,"(81, 80, 95)",3.5419782097842343
189052,1510,"(173, 161, 139)",6.226233710745567
189052,1510,"(2, 1, 1)",27.358470412305063
